claim_id;postal_code;claimant_age;claim_type;claim_amount_eur;processing_days;settlement_ratio
920001;08001;60;Home;1.234,50;11;0.886
920002;08001;40;Auto;507,45;11;0.496
920003;75001;43;Home;716,52;36;0.315
920004;13001;69;Home;615,28;41;0.665
920005;13001;35;Auto;945,99;15;0.640
920006;69003;78;Home;3.760,61;8;0.524
920007;33000;45;Home;1.813,87;42;0.265
920008;28001;76;Auto;603,49;46;0.769
920009;75001;66;Auto;560,70;12;0.698
920010;69003;77;Home;4.963,58;14;0.125
920011;75001;37;Home;2.455,65;0;0.744
920012;69003;64;Home;514,15;3;0.073
920013;01000;36;Home;527,55;11;0.207
920014;69003;47;Auto;82.000,00;33;0.831
920015;28001;29;Auto;3.453,20;50;0.538
920016;13001;50;Auto;427,69;52;0.488
920017;28001;60;Auto;1.336,20;44;0.859
920018;28001;54;Auto;844,09;32;0.481
920019;28001;23;Auto;459,62;39;0.833
920020;01000;72;Auto;251,31;49;0.080
920021;69003;57;Home;428,33;51;0.502
920022;08001;18;Auto;1.681,74;48;0.556
920023;28001;54;Auto;441,67;19;0.241
920024;46001;51;Home;2.445,08;9;0.802
920025;75001;53;Auto;650,91;59;0.071
920026;13001;46;Travel;7.587,99;5;0.074
920027;46001;48;Auto;800,35;33;0.732
920028;41001;20;Home;969,58;23;0.116
920029;75001;60;Home;579,88;26;0.709
920030;08001;46;Auto;1.222,69;17;0.352
920031;69003;58;Home;349,92;14;0.892
920032;33000;71;Home;2.604,16;42;0.562
920033;28001;75;Home;818,42;37;0.096
920034;75001;68;Auto;2.885,90;38;0.604
920035;46001;40;Auto;1.652,61;50;0.196
920036;13001;59;Home;576,06;22;0.441
920037;13001;46;Auto;2.381,46;33;0.706
920038;13001;47;Home;2.675,97;30;0.362
920039;33000;48;Auto;303,86;44;0.525
920040;01000;51;Home;1.024,08;41;0.857
920041;01000;31;Auto;363,26;5;0.640
920042;75001;63;Auto;3.218,97;56;0.655
920043;13001;32;Auto;441,65;46;0.565
920044;33000;217;Travel;812,34;3;0.112
920045;69003;30;Travel;817,61;41;0.368
920046;08001;51;Home;1.326,74;22;0.561
920047;13001;26;Home;958,26;27;0.722
920048;28001;44;Auto;1.830,77;42;0.220
920049;33000;24;Auto;1.196,99;18;0.636
920050;13001;46;Home;417,33;21;0.215
920051;28001;38;Home;316,38;59;0.537
920052;01000;41;Home;1.498,44;30;0.638
920053;69003;46;Auto;823,44;40;0.139
920054;01000;50;Home;462,56;35;0.147
920055;46001;59;Auto;1.748,92;2;0.134
920056;69003;35;Auto;384,06;35;0.155
920057;69003;29;Auto;2.250,48;32;0.867
920058;28001;54;Auto;477,62;22;0.356
920059;41001;40;Travel;1.170,51;28;0.259
920060;08001;61;Auto;666,49;42;0.410
920061;13001;44;Home;729,25;38;0.728
920062;46001;65;Auto;440,52;13;0.361
920063;08001;54;Home;3.212,06;38;0.909
920064;41001;47;Auto;1.254,13;60;0.965
920065;69003;32;Home;536,80;30;0.468
920066;46001;54;Health;395,29;47;0.133
920067;69003;41;Auto;65.000,00;10;0.081
920068;13001;18;Health;2.535,19;10;0.273
920069;13001;60;Auto;581,01;21;0.516
920070;13001;44;Auto;249,46;13;0.678
920071;28001;32;Auto;949,61;18;0.711
920072;01000;68;Health;602,64;36;0.873
920073;75001;33;Home;1.355,34;11;0.565
920074;75001;60;Auto;260,20;43;0.144
920075;28001;58;Home;1.173,69;42;0.279
920076;33000;62;Auto;2.855,38;17;0.843
920077;41001;45;Home;1.037,37;21;0.789
920078;08001;46;Auto;337,26;38;0.635
920079;13001;41;Home;1.459,21;9;0.725
920080;33000;44;Health;1.782,38;24;0.081
920081;08001;55;Auto;1.445,62;14;0.272
920082;33000;52;Home;843,00;36;0.088
920083;08001;37;Health;1.749,81;24;0.761
920084;69003;43;Auto;3.595,62;49;0.438
920085;69003;36;Auto;242,58;33;0.113
920086;46001;56;Home;366,84;58;0.463
920087;75001;33;Home;2.513,89;57;0.320
920088;8001;32;Auto;1.617,96;59;0.381
920089;13001;45;Home;1.176,44;56;0.122
920090;28001;51;Home;641,06;56;0.860
920091;33000;44;Auto;832,19;25;0.090
920092;69003;44;Home;2.122,35;32;0.145
920093;75001;70;Auto;996,59;34;0.333
920094;28001;40;Auto;927,50;54;0.812
920095;28001;56;Auto;903,37;15;0.254
920096;41001;47;Home;817,43;29;0.097
920097;13001;52;Auto;1.711,65;10;0.144
920098;41001;59;Home;249,70;38;0.934
920099;75001;42;Auto;1.520,11;59;0.847
920100;01000;42;Travel;1.191,94;7;0.944
920101;75001;66;Auto;851,63;22;0.267
920102;13001;67;Home;562,43;11;0.284
920103;69003;52;Auto;530,17;9;0.617
920104;01000;53;Home;2.225,43;58;0.847
920105;01000;85;Home;804,41;58;0.889
920106;41001;41;Health;843,02;3;0.698
920107;13001;35;Travel;251,94;8;0.062
920108;01000;61;Auto;1.025,58;42;0.889
920109;75001;41;Health;567,08;2;0.666
920110;01000;50;Auto;1.645,35;0;0.922
920111;46001;39;Travel;622,04;43;0.799
920112;01000;25;Auto;132,27;44;0.071
920113;13001;51;Home;89.000,00;25;0.417
920114;46001;42;Travel;2.862,96;48;0.961
920115;69003;56;Health;2.609,51;7;0.720
920116;13001;34;Home;1.482,17;60;0.273
920117;69003;51;Auto;407,59;18;0.629
920118;46001;38;Home;360,00;24;0.155
920119;75001;29;Auto;1.171,27;12;0.415
920120;75001;47;Auto;1.955,08;47;0.921
920121;28001;16;Auto;317,86;5;0.967
920122;28001;36;Auto;855,70;17;0.602
920123;33000;32;Travel;1.021,43;7;0.862
920124;46001;54;Home;1.101,09;8;0.371
920125;33000;28;Auto;442,83;8;0.574
920126;75001;61;Auto;1.001,47;19;0.510
920127;41001;36;Health;998,39;12;0.948
920128;01000;55;Home;589,44;32;0.217
920129;13001;29;Health;2.278,86;49;0.266
920130;41001;60;Travel;659,63;48;0.688
920131;13001;44;Home;532,24;54;0.920
920132;75001;52;Auto;1.048,56;52;0.616
920133;01000;46;Travel;948,05;8;0.797
920134;33000;31;Home;702,79;9;0.300
920135;33000;28;Home;777,82;46;0.328
920136;69003;50;Auto;1.248,73;58;0.707
920137;41001;48;Auto;561,58;14;0.270
920138;46001;50;Travel;1.104,85;45;0.386
920139;69003;58;Auto;6.379,55;43;0.796
920140;41001;57;Home;1.544,91;19;0.360
920141;75001;23;Auto;369,06;26;0.365
920142;41001;54;Auto;153,20;58;0.571
920143;46001;36;Home;844,23;39;0.947
920144;41001;48;Auto;581,18;47;0.181
920145;69003;37;Auto;569,67;10;0.289
920146;46001;55;Home;954,15;20;0.586
920147;08001;34;Auto;1.954,84;52;0.622
920148;75001;49;Home;659,55;22;0.613
920149;41001;53;Home;1.303,53;7;0.955
920150;13001;68;Travel;3.293,13;38;0.258
920151;75001;64;Auto;400,24;51;0.589
920152;08001;53;Home;816,12;25;0.095
920153;75001;25;Auto;1.066,40;56;0.069
920154;46001;55;Auto;1.790,69;34;0.734
920155;41001;37;Auto;753,21;35;0.166
920156;46001;60;Health;558,70;12;0.826
920157;75001;48;Auto;174,41;19;0.213
920158;41001;46;Auto;795,34;8;0.653
920159;41001;61;Travel;2.293,44;13;0.079
920160;75001;38;Home;3.259,93;34;0.268
920161;08001;31;Home;2.034,63;2;0.066
920162;46001;51;Health;1.476,26;34;0.318
920163;41001;45;Health;1.367,58;40;0.463
920164;69003;55;Auto;2.846,88;43;0.411
920165;75001;44;Health;3.484,71;36;0.564
920166;33000;44;Health;3.026,25;1;0.886
920167;28001;56;Auto;798,57;24;0.897
920168;28001;57;Auto;1.020,15;51;0.909
920169;33000;41;Health;2.367,19;46;0.347
920170;28001;59;Home;1.369,32;35;0.303
920171;33000;46;Home;474,73;56;0.671
920172;46001;56;Travel;362,02;5;0.092
920173;75001;47;Auto;1.871,37;34;0.092
920174;46001;60;Home;13.043,84;51;0.893
920175;75001;22;Auto;353,95;49;0.681
920176;28001;30;Home;803,89;5;0.604
920177;75001;49;Home;1.770,95;33;0.560
920178;28001;41;Home;1.810,53;19;0.254
920179;13001;51;Home;397,61;20;0.090
920180;69003;53;Auto;421,38;18;0.875
920181;33000;33;Auto;2.237,46;16;0.387
920182;75001;49;Home;3.508,41;38;0.741
920183;33000;66;Travel;12.103,35;24;0.475
920184;41001;54;Auto;2.580,32;1;0.774
920185;46001;18;Auto;1.287,24;24;0.215
920186;46001;49;Auto;3.290,58;33;0.400
920187;01000;32;Auto;613,03;33;0.683
920188;46001;45;Auto;2.391,96;39;0.700
920189;28001;63;Health;1.323,89;10;0.078
920190;46001;43;Auto;1.422,59;54;0.707
920191;75001;44;Home;323,29;32;0.512
920192;41001;37;Health;2.009,32;44;0.868
920193;08001;24;Auto;1.648,34;20;0.359
920194;08001;47;Home;406,76;46;0.179
920195;46001;35;Auto;7.044,07;35;0.297
920196;28001;46;Auto;1.707,18;12;0.759
920197;01000;71;Travel;1.352,08;41;0.671
920198;08001;53;Home;2.208,09;20;0.125
920199;08001;19;Auto;480.000,00;38;0.845
920200;69003;57;Auto;595,90;43;0.128
920201;33000;54;Auto;918,24;45;0.285
920202;46001;46;Health;715,39;50;0.693
920203;75001;46;Health;701,74;32;0.496
920204;28001;41;Home;3.019,27;27;0.551
920205;33000;46;Home;1.173,23;1;0.636
920206;28001;49;Home;2.603,44;10;0.190
920207;13001;44;Home;731,42;28;0.430
920208;75001;44;Travel;1.306,73;15;0.263
920209;41001;53;Auto;545,77;54;0.223
920210;33000;34;Home;1.449,25;12;0.248
920211;46001;53;Auto;2.067,29;60;0.139
920212;08001;49;Health;598,04;44;0.768
920213;46001;73;Health;1.402,33;29;0.589
920214;41001;51;Auto;899,68;50;0.429
920215;08001;42;Travel;543,41;30;0.872
920216;01000;49;Auto;990,20;60;0.337
920217;75001;33;Home;1.246,58;51;0.824
920218;13001;48;Travel;2.396,44;32;0.470
920219;41001;18;Auto;203,49;44;0.819
920220;41001;39;Home;3.274,15;27;0.855
920221;41001;59;Health;182,32;30;0.265
920222;13001;59;Auto;378,50;-4;0.146
920223;01000;36;Home;503,25;18;0.173
920224;01000;31;Auto;2.425,92;58;0.234
920225;69003;56;Auto;2.783,54;25;0.144
920226;46001;34;Auto;1.095,28;44;0.427
920227;08001;54;Home;2.197,78;16;0.544
920228;01000;31;Auto;3.643,98;15;0.795
920229;08001;36;Auto;274,55;56;0.586
920230;75001;45;Home;426,04;14;0.463
920231;28001;43;Home;2.479,10;55;0.264
920232;28001;46;Health;312,01;14;0.126
920233;13001;32;Home;257,79;8;0.531
920234;01000;52;Auto;365,31;17;0.611
920235;33000;50;Health;1.547,38;35;0.496
920236;75001;42;Auto;1.193,97;56;0.184
920237;08001;44;Auto;2.012,65;28;0.867
920238;01000;51;Home;543,17;9;0.478
920239;75001;55;Travel;494,32;44;0.478
920240;28001;61;Home;334,92;8;0.646
920241;46001;43;Auto;1.775,16;18;0.200
920242;28001;44;Auto;1.042,47;42;0.322
920243;69003;31;Auto;978,38;39;0.223
920244;01000;61;Auto;1.715,79;34;0.350
920245;13001;63;Auto;268,75;5;0.192
920246;69003;34;Home;845,44;15;0.274
920247;08001;37;Auto;508,04;30;0.739
920248;41001;56;Home;1.717,73;7;0.246
920249;41001;39;Health;1.871,27;6;0.533
920250;13001;54;Auto;277,35;41;0.459
920251;75001;32;Travel;1.118,94;14;0.834
920252;13001;33;Auto;467,92;24;0.128
920253;13001;48;Home;812,22;44;0.149
920254;13001;18;Health;1.079,78;58;0.717
920255;08001;31;Auto;324,89;15;1.280
920256;69003;61;Travel;1.462,05;28;0.311
920257;28001;29;Auto;847,01;19;0.457
920258;69003;45;Home;12.821,44;55;0.468
920259;08001;60;Travel;1.048,00;7;0.852
920260;33000;35;Auto;1.052,62;3;0.961
920261;41001;66;Home;3.087,58;48;0.363
920262;69003;31;Home;890,84;48;0.630
920263;75001;50;Home;750,54;29;0.540
920264;01000;54;Home;1.162,32;35;0.381
920265;41001;44;Travel;666,60;32;0.489
920266;13001;52;Home;1.319,35;33;0.758
920267;13001;71;Home;1.240,06;53;0.073
920268;13001;44;Home;1.716,36;16;0.543
920269;69003;41;Auto;818,43;18;0.129
920270;28001;40;Auto;1.126,15;46;0.163
920271;01000;82;Auto;1.231,66;25;0.148
920272;28001;44;Auto;1.919,99;24;0.781
920273;75001;47;Auto;1.590,83;55;0.578
920274;33000;19;Travel;1.709,94;44;0.205
920275;13001;33;Travel;1.613,23;54;0.864
920276;28001;45;Health;507,12;55;0.267
920277;46001;57;Travel;450,55;32;0.389
920278;46001;57;Home;712,09;53;0.797
920279;75001;79;Auto;2.098,98;44;0.183
920280;28001;52;Home;943,84;29;0.081
920281;69003;29;Auto;319,01;32;0.746
920282;69003;49;Home;1.964,80;57;0.475
920283;75001;55;Home;569,06;55;0.319
920284;46001;62;Home;1.092,45;31;0.531
920285;28001;52;Auto;4.156,31;11;0.529
920286;33000;73;Home;277,05;30;0.943
920287;46001;55;Travel;2.578,34;7;0.824
920288;41001;39;Home;727,28;39;0.581
920289;46001;48;Auto;2.600,06;55;0.600
920290;01000;45;Travel;573,94;35;0.255
920291;46001;26;Auto;617,45;53;0.353
920292;69003;42;Home;3.459,38;23;0.138
920293;46001;55;Travel;1.394,61;29;0.853
920294;28001;63;Travel;108,73;28;0.964
920295;28001;51;Auto;393,52;15;0.431
920296;33000;58;Auto;501,97;4;0.858
920297;01000;19;Auto;396,58;39;0.301
920298;28001;76;Home;781,11;60;0.712
920299;69003;53;Health;414,26;59;0.328
920300;01000;43;Home;550,21;14;0.603
920301;13001;38;Auto;1.223,48;12;0.581
920302;13001;37;Auto;308,69;2;0.636
920303;75001;59;Auto ;220,74;6;0.815
920304;41001;41;auto;568,98;37;0.140
920305;13001;57;Travel;128,32;20;0.768
920306;13001;81;Home;2.676,80;17;0.404
920307;46001;51;Auto;605,25;10;0.252
920308;01000;46;Home;925,14;49;0.711
920309;69003;57;Auto;1.067,90;16;0.631
920310;69003;18;Home;400,41;59;0.684
920311;01000;49;Home;384,38;55;0.081
920312;13001;61;Travel;264,52;9;0.848
920313;28001;54;Auto;528,04;31;0.789
920314;01000;53;Auto;2.618,51;40;0.157
920315;13001;54;Auto;418,12;15;0.844
920316;13001;32;Auto;689,28;51;0.696
920317;28001;44;Travel;1.128,42;52;0.894
920318;33000;64;Auto;1.761,54;8;0.429
920319;28001;57;Health;332,78;58;0.230
920320;28001;56;Auto;4.898,54;16;0.427
920321;01000;59;Home;872,85;42;0.173
920322;41001;48;Home;2.192,18;27;0.901
920323;08001;80;Travel;1.189,61;6;0.879
920324;13001;57;Home;926,65;41;0.913
920325;08001;55;Auto;2.024,16;48;0.177
920326;13001;48;Health;537,95;58;0.607
920327;69003;74;Travel;492,15;29;0.563
920328;41001;22;Home;405,04;28;0.292
920329;28001;41;Home;602,96;3;0.639
920330;08001;74;Auto;315,00;36;0.545
920331;13001;38;Home;346,85;60;0.733
920332;08001;46;Auto;1.141,65;2;0.826
920333;28001;42;Auto;790,87;55;0.944
920334;75001;41;Auto;611,79;25;0.549
920335;46001;63;Auto;1.380,87;21;0.782
920336;41001;43;Auto;809,20;25;0.128
920337;01000;42;Home;1.795,66;9;0.191
920338;69003;32;Home;3.375,91;53;0.133
920339;33000;40;Auto;1.879,64;2;0.451
920340;69003;21;Travel;1.279,52;59;0.368
920341;28001;35;Auto;615,92;28;0.891
920342;33000;53;Home;1.316,16;42;0.306
920343;28001;50;Auto;1.441,86;17;0.108
920344;08001;40;Health;304,20;26;0.144
920345;28001;43;Travel;1.688,48;44;0.574
920346;41001;51;Home;827,83;50;0.245
920347;75001;18;Health;587,53;36;0.720
920348;08001;58;Home;2.062,58;44;0.933
920349;08001;43;Travel;440,46;10;0.281
920350;33000;18;Auto;344,01;38;0.769
920351;41001;55;Auto;2.508,90;38;0.811
920352;41001;38;Travel;450,91;40;0.094
920353;13001;23;Auto;428,37;38;0.108
920354;46001;64;Auto;532,75;6;0.538
920355;46001;19;Travel;889,95;27;0.076
920356;33000;50;Home;430,71;22;0.640
920357;46001;86;Auto;565,45;47;0.229
920358;13001;63;Home;2.977,51;10;0.962
920359;33000;73;Home;1.445,06;31;0.792
920360;75001;18;Home;421,99;39;0.869
920020;01000;72;Auto;251,31;49;0.080
920175;75001;22;Auto;353,95;49;0.681
