request_id,handling_minutes,queue_wait_minutes,satisfaction_score,request_complexity,contact_channel,resolved_first_contact
R022,8.93,0.5,91.5,Simple,Chat,No
R243,30.02,2.47,37.5,Complex,Chat,Yes
R124,18.49,4.54,66.8,Intermediate,Chat,Yes
R186,19.33,1.74,75.0,Intermediate,Phone,No
R014,6.22,10.85,90.4,Simple,Chat,Yes
R302,37.3,3.75,46.6,Complex,Phone,No
R273,28.26,2.41,40.1,Complex,Phone,Yes
R161,21.76,6.55,73.6,Intermediate,Phone,No
R300,35.44,0.74,46.8,Complex,Phone,No
R264,36.36,5.47,45.7,Complex,Phone,No
R107,8.59,2.92,93.7,Simple,Email,Yes
R061,8.1,2.34,89.9,Simple,Chat,No
R321,39.23,3.01,51.2,Complex,Phone,Yes
R054,3.06,1.92,87.1,Simple,Chat,Yes
R045,4.72,0.38,87.9,Simple,Chat,Yes
R166,17.74,0.37,68.4,Intermediate,Phone,No
R089,8.7,4.5,90.8,Simple,Phone,Yes
R104,8.82,2.42,88.0,Simple,Email,Yes
R212,19.13,16.57,67.3,Intermediate,Email,Yes
R063,4.93,4.28,84.2,Simple,Chat,Yes
R360,42.44,5.1,55.0,Complex,Email,Yes
R270,39.75,0.57,57.9,Complex,Phone,No
R337,34.87,0.77,57.8,Complex,Email,Yes
R272,40.83,0.98,49.0,Complex,Phone,No
R032,3.23,1.33,92.6,Simple,Chat,Yes
R163,21.95,3.16,76.0,Intermediate,Phone,Yes
R100,7.79,6.54,89.8,Simple,Email,Yes
R037,3.2,6.49,77.8,Simple,Chat,Yes
R140,16.16,9.51,57.8,Intermediate,Chat,No
R207,12.23,3.8,62.2,Intermediate,Email,Yes
R280,31.96,0.15,48.3,Complex,Phone,Yes
R099,4.34,0.97,92.9,Simple,Email,Yes
R258,29.26,0.54,42.5,Complex,Phone,Yes
R340,28.33,5.12,40.5,Complex,Email,No
R072,4.76,1.44,86.6,Simple,Chat,Yes
R110,6.81,2.38,90.1,Simple,Email,Yes
R058,5.81,8.82,84.1,Simple,Chat,Yes
R160,12.97,3.64,66.6,Intermediate,Chat,Yes
R173,21.06,0.7,73.4,Intermediate,Phone,Yes
R277,31.87,5.23,43.8,Complex,Phone,Yes
R257,39.86,2.83,57.6,Complex,Phone,Yes
R198,14.31,9.3,65.6,Intermediate,Phone,Yes
R021,5.56,3.34,80.3,Simple,Chat,No
R151,17.23,3.21,67.3,Intermediate,Chat,Yes
R102,6.86,4.65,88.1,Simple,Email,Yes
R010,3.49,8.58,86.0,Simple,Chat,Yes
R265,38.69,0.25,54.4,Complex,Phone,No
R179,21.14,3.13,73.0,Intermediate,Phone,Yes
R005,8.88,2.01,92.9,Simple,Chat,Yes
R081,3.77,1.51,88.5,Simple,Phone,Yes
R309,31.7,0.41,45.7,Complex,Phone,No
R141,15.57,1.79,70.0,Intermediate,Chat,Yes
R317,42.48,1.47,62.5,Complex,Phone,Yes
R090,3.45,0.01,82.7,Simple,Phone,No
R111,4.24,1.95,89.4,Simple,Email,Yes
R346,41.53,0.01,53.3,Complex,Email,No
R153,18.33,0.17,75.5,Intermediate,Chat,Yes
R073,7.91,4.45,87.1,Simple,Chat,Yes
R208,19.14,2.83,63.1,Intermediate,Email,No
R359,39.4,7.59,48.2,Complex,Email,No
R125,14.95,4.95,63.0,Intermediate,Chat,Yes
R355,29.95,12.53,40.2,Complex,Email,Yes
R040,6.15,5.99,86.6,Simple,Chat,Yes
R106,4.45,2.87,85.8,Simple,Email,Yes
R184,16.81,0.0,76.3,Intermediate,Phone,Yes
R344,30.37,6.0,38.9,Complex,Email,No
R230,15.24,2.19,68.2,Intermediate,Email,Yes
R345,42.84,1.11,52.8,Complex,Email,No
R156,16.54,15.77,70.2,Intermediate,Chat,Yes
R033,6.36,0.46,91.1,Simple,Chat,Yes
R193,18.68,0.8,74.1,Intermediate,Phone,No
R075,8.75,2.84,87.8,Simple,Chat,Yes
R219,16.56,11.59,59.7,Intermediate,Email,No
R342,31.32,4.65,40.2,Complex,Email,No
R096,6.21,6.59,81.2,Simple,Email,No
R217,16.61,4.97,68.1,Intermediate,Email,Yes
R031,3.21,0.24,86.3,Simple,Chat,Yes
R288,40.84,12.13,50.3,Complex,Phone,Yes
R292,41.23,3.51,56.0,Complex,Phone,Yes
R038,8.48,1.04,88.3,Simple,Chat,Yes
R335,36.4,3.03,46.3,Complex,Email,Yes
R294,36.18,8.44,45.8,Complex,Phone,No
R039,6.32,1.98,91.3,Simple,Chat,Yes
R256,42.93,0.33,52.5,Complex,Phone,No
R157,16.32,3.27,71.9,Intermediate,Chat,Yes
R274,31.52,4.82,39.2,Complex,Phone,No
R283,28.21,2.88,40.1,Complex,Phone,No
R016,3.22,0.79,80.9,Simple,Chat,Yes
R268,41.29,2.93,49.3,Complex,Phone,No
R195,19.8,1.68,78.6,Intermediate,Phone,Yes
R315,42.94,0.96,60.1,Complex,Phone,Yes
R082,5.69,9.02,84.7,Simple,Phone,Yes
R194,15.95,0.4,78.4,Intermediate,Phone,Yes
R290,38.63,4.08,48.2,Complex,Phone,No
R245,35.58,0.28,47.1,Complex,Chat,No
R182,12.3,0.55,67.8,Intermediate,Phone,Yes
R190,16.24,4.65,71.2,Intermediate,Phone,Yes
R172,19.43,0.78,73.2,Intermediate,Phone,Yes
R084,8.91,0.03,99.7,Simple,Phone,Yes
R189,18.22,6.77,73.5,Intermediate,Phone,Yes
R253,38.83,0.49,48.2,Complex,Phone,No
R197,19.07,6.21,72.6,Intermediate,Phone,No
R250,34.84,4.21,44.9,Complex,Chat,Yes
R018,3.77,2.25,77.5,Simple,Chat,Yes
R123,19.08,15.96,75.2,Intermediate,Chat,Yes
R176,17.76,6.29,70.8,Intermediate,Phone,Yes
R247,31.06,1.24,44.3,Complex,Chat,Yes
R003,3.73,4.01,86.4,Simple,Chat,Yes
R052,6.8,10.89,82.2,Simple,Chat,Yes
R296,33.05,1.16,40.5,Complex,Phone,No
R266,41.27,5.94,51.6,Complex,Phone,No
R024,6.13,4.17,93.3,Simple,Chat,Yes
R079,7.47,3.25,82.9,Simple,Chat,Yes
R128,14.24,1.76,68.5,Intermediate,Chat,No
R091,7.64,11.13,88.2,Simple,Email,Yes
R144,15.13,9.44,67.2,Intermediate,Chat,Yes
R168,14.93,1.42,70.3,Intermediate,Phone,Yes
R325,41.97,6.53,49.5,Complex,Phone,No
R200,20.33,0.18,78.8,Intermediate,Phone,Yes
R221,16.79,3.32,70.0,Intermediate,Email,Yes
R097,3.13,0.99,87.3,Simple,Email,Yes
R055,3.71,1.16,79.6,Simple,Chat,No
R324,37.09,2.37,55.6,Complex,Phone,No
R201,21.57,1.5,72.6,Intermediate,Email,Yes
R070,6.16,1.84,86.5,Simple,Chat,Yes
R133,18.35,0.91,74.0,Intermediate,Chat,Yes
R289,30.68,1.83,42.3,Complex,Phone,No
R071,3.6,0.72,83.1,Simple,Chat,Yes
R105,3.83,1.54,87.2,Simple,Email,Yes
R358,35.04,2.85,52.8,Complex,Email,No
R232,14.56,1.14,65.0,Intermediate,Email,Yes
R341,38.96,0.0,50.9,Complex,Email,No
R101,6.15,1.47,86.7,Simple,Email,No
R308,41.74,4.9,56.4,Complex,Phone,Yes
R307,42.3,5.59,57.2,Complex,Phone,Yes
R146,16.19,5.93,65.4,Intermediate,Chat,Yes
R134,14.27,4.27,66.0,Intermediate,Chat,Yes
R269,37.83,1.15,51.9,Complex,Phone,No
R305,35.59,6.64,46.5,Complex,Phone,No
R303,29.5,6.69,42.6,Complex,Phone,Yes
R135,15.44,11.57,66.6,Intermediate,Chat,Yes
R213,21.63,5.79,74.3,Intermediate,Email,Yes
R095,8.71,2.12,97.5,Simple,Email,Yes
R132,18.98,1.42,73.9,Intermediate,Chat,No
R006,4.65,2.34,80.1,Simple,Chat,Yes
R271,29.12,7.3,34.5,Complex,Phone,No
R027,6.23,6.64,84.5,Simple,Chat,Yes
R263,41.1,10.85,47.5,Complex,Phone,No
R092,7.18,2.47,81.9,Simple,Email,No
R116,3.17,1.48,87.4,Simple,Email,Yes
R076,3.4,9.88,83.2,Simple,Chat,Yes
R306,35.83,3.54,42.5,Complex,Phone,No
R236,14.98,0.57,77.8,Intermediate,Email,Yes
R322,30.91,1.92,41.8,Complex,Phone,No
R119,4.34,0.01,87.9,Simple,Email,Yes
R078,3.73,2.3,81.4,Simple,Chat,Yes
R350,41.86,0.34,57.9,Complex,Email,Yes
R009,4.67,10.82,85.0,Simple,Chat,Yes
R046,5.55,0.63,87.7,Simple,Chat,Yes
R007,3.19,1.47,83.1,Simple,Chat,Yes
R028,7.38,2.44,90.8,Simple,Chat,No
R004,5.81,0.12,94.6,Simple,Chat,Yes
R223,16.18,8.4,67.1,Intermediate,Email,Yes
R167,19.77,3.48,63.7,Intermediate,Phone,No
R149,18.51,3.43,72.2,Intermediate,Chat,Yes
R042,6.11,2.89,87.6,Simple,Chat,Yes
R017,5.92,1.34,85.9,Simple,Chat,No
R164,19.44,1.57,75.4,Intermediate,Phone,Yes
R233,13.22,6.01,67.1,Intermediate,Email,Yes
R214,12.68,0.3,69.8,Intermediate,Email,Yes
R147,17.38,7.03,65.0,Intermediate,Chat,No
R255,32.65,0.47,55.7,Complex,Phone,Yes
R152,12.88,9.83,67.3,Intermediate,Chat,Yes
R353,36.72,9.26,49.6,Complex,Email,Yes
R299,31.16,13.71,44.4,Complex,Phone,Yes
R192,17.17,2.04,73.0,Intermediate,Phone,Yes
R333,36.17,2.69,47.3,Complex,Email,Yes
R175,13.94,1.39,67.4,Intermediate,Phone,Yes
R077,4.89,7.5,81.5,Simple,Chat,Yes
R286,37.84,2.52,54.0,Complex,Phone,Yes
R234,16.29,0.46,75.3,Intermediate,Email,Yes
R351,34.4,13.07,39.7,Complex,Email,No
R051,7.64,16.77,87.1,Simple,Chat,Yes
R094,8.96,2.15,92.0,Simple,Email,Yes
R169,12.58,3.45,63.2,Intermediate,Phone,Yes
R295,40.77,0.87,52.0,Complex,Phone,No
R093,9.0,5.05,85.7,Simple,Email,Yes
R159,13.88,2.11,68.9,Intermediate,Chat,Yes
R238,19.64,0.14,80.6,Intermediate,Email,Yes
R154,14.83,2.25,67.1,Intermediate,Chat,Yes
R155,16.57,1.08,69.9,Intermediate,Chat,Yes
R343,32.22,6.12,45.3,Complex,Email,Yes
R150,17.8,0.26,75.4,Intermediate,Chat,Yes
R329,30.54,0.59,46.9,Complex,Phone,Yes
R117,8.16,0.46,95.8,Simple,Email,Yes
R323,30.49,1.07,42.1,Complex,Phone,Yes
R202,18.01,9.55,73.0,Intermediate,Email,Yes
R224,18.57,3.9,70.4,Intermediate,Email,Yes
R087,4.46,1.61,92.5,Simple,Phone,Yes
R036,8.34,0.34,99.4,Simple,Chat,Yes
R284,37.65,1.87,48.2,Complex,Phone,No
R332,40.43,3.49,47.1,Complex,Email,No
R029,7.16,2.07,89.4,Simple,Chat,Yes
R056,4.61,1.78,85.2,Simple,Chat,Yes
R048,8.01,5.09,84.2,Simple,Chat,No
R348,38.55,8.2,48.1,Complex,Email,No
R108,5.32,3.92,84.5,Simple,Email,Yes
R281,39.65,5.15,52.9,Complex,Phone,Yes
R356,36.87,6.43,42.6,Complex,Email,No
R026,3.8,1.43,84.8,Simple,Chat,Yes
R181,15.87,6.06,66.3,Intermediate,Phone,No
R098,6.13,3.0,79.8,Simple,Email,Yes
R326,38.33,3.18,52.4,Complex,Phone,Yes
R080,6.25,2.37,86.7,Simple,Chat,Yes
R180,17.0,15.78,66.9,Intermediate,Phone,Yes
R199,20.32,1.25,81.8,Intermediate,Phone,Yes
R012,5.5,14.45,89.1,Simple,Chat,Yes
R143,20.98,1.87,77.7,Intermediate,Chat,No
R139,18.39,1.99,70.1,Intermediate,Chat,Yes
R035,7.86,0.28,94.0,Simple,Chat,Yes
R260,35.07,0.13,63.9,Complex,Phone,Yes
R030,7.56,2.54,86.4,Simple,Chat,Yes
R068,8.73,0.37,93.5,Simple,Chat,Yes
R011,7.13,4.85,85.3,Simple,Chat,Yes
R083,5.38,1.33,87.2,Simple,Phone,Yes
R069,7.59,10.57,86.7,Simple,Chat,Yes
R196,15.04,2.01,66.2,Intermediate,Phone,Yes
R334,28.14,0.36,35.0,Complex,Email,No
R074,5.43,8.87,86.1,Simple,Chat,Yes
R043,4.67,11.71,81.3,Simple,Chat,Yes
R328,38.57,10.02,47.2,Complex,Phone,No
R237,12.93,4.03,72.1,Intermediate,Email,Yes
R008,7.4,6.24,84.3,Simple,Chat,Yes
R178,13.68,0.05,76.1,Intermediate,Phone,Yes
R131,14.01,2.29,64.3,Intermediate,Chat,Yes
R218,14.8,11.68,64.7,Intermediate,Email,Yes
R330,39.86,13.87,48.0,Complex,Phone,Yes
R086,5.78,5.17,88.4,Simple,Phone,Yes
R020,8.55,9.08,90.1,Simple,Chat,Yes
R320,39.51,7.32,43.7,Complex,Phone,No
R122,18.38,0.6,73.2,Intermediate,Chat,Yes
R229,20.12,1.29,73.2,Intermediate,Email,No
R339,36.74,5.49,48.9,Complex,Email,Yes
R314,30.67,11.29,36.5,Complex,Phone,No
R137,20.42,4.17,72.9,Intermediate,Chat,Yes
R357,32.34,1.12,46.9,Complex,Email,No
R203,21.63,1.75,77.8,Intermediate,Email,Yes
R085,5.32,20.1,81.8,Simple,Phone,Yes
R019,3.05,2.16,86.0,Simple,Chat,Yes
R114,4.58,7.95,86.2,Simple,Email,Yes
R338,41.59,3.64,54.5,Complex,Email,Yes
R044,3.33,2.97,82.7,Simple,Chat,Yes
R312,43.15,1.01,56.5,Complex,Phone,Yes
R259,36.02,1.97,56.0,Complex,Phone,Yes
R165,21.79,12.27,73.4,Intermediate,Phone,Yes
R301,40.31,5.46,54.5,Complex,Phone,Yes
R285,32.73,1.27,45.3,Complex,Phone,Yes
R282,31.58,2.74,48.5,Complex,Phone,Yes
R227,21.1,6.34,69.2,Intermediate,Email,Yes
R318,33.43,0.34,50.7,Complex,Phone,No
R112,6.42,4.1,84.9,Simple,Email,Yes
R034,6.56,0.87,87.2,Simple,Chat,Yes
R174,18.48,2.93,68.9,Intermediate,Phone,Yes
R001,6.7,22.39,79.7,Simple,Chat,Yes
R136,12.22,1.62,62.3,Intermediate,Chat,Yes
R331,28.58,14.38,33.5,Complex,Email,No
R226,20.96,8.53,74.0,Intermediate,Email,Yes
R311,35.83,5.16,43.4,Complex,Phone,No
R191,18.16,1.11,78.9,Intermediate,Phone,No
R336,35.5,4.2,49.3,Complex,Email,Yes
R278,34.09,0.26,51.2,Complex,Phone,No
R244,30.31,2.63,40.5,Complex,Chat,No
R267,35.35,1.23,45.5,Complex,Phone,No
R049,3.14,13.35,80.8,Simple,Chat,Yes
R205,12.24,2.48,61.9,Intermediate,Email,No
R103,4.25,0.9,87.7,Simple,Email,Yes
R067,6.95,2.51,88.1,Simple,Chat,Yes
R354,28.55,0.11,40.8,Complex,Email,No
R304,36.07,1.26,48.0,Complex,Phone,No
R254,39.66,1.54,56.8,Complex,Phone,No
R216,17.88,2.64,72.8,Intermediate,Email,Yes
R293,37.06,6.87,43.6,Complex,Phone,No
R287,36.44,0.3,45.6,Complex,Phone,Yes
R162,12.21,3.76,68.8,Intermediate,Phone,Yes
R088,4.1,2.01,87.3,Simple,Phone,Yes
R065,4.83,0.47,82.9,Simple,Chat,Yes
R211,13.62,7.0,59.0,Intermediate,Email,No
R158,16.77,7.47,61.0,Intermediate,Chat,No
R204,21.95,0.93,79.0,Intermediate,Email,Yes
R015,3.64,2.73,83.7,Simple,Chat,Yes
R113,6.8,0.76,83.9,Simple,Email,Yes
R298,42.55,2.21,53.7,Complex,Phone,No
R316,34.33,0.06,43.8,Complex,Phone,No
R310,43.93,4.9,50.5,Complex,Phone,No
R225,19.53,1.43,75.5,Intermediate,Email,Yes
R210,17.87,3.83,73.3,Intermediate,Email,Yes
R177,14.34,8.33,60.0,Intermediate,Phone,Yes
R171,18.08,2.4,74.6,Intermediate,Phone,Yes
R170,15.0,1.21,69.7,Intermediate,Phone,Yes
R148,16.09,1.1,68.2,Intermediate,Chat,No
R062,7.67,4.95,86.8,Simple,Chat,Yes
R231,13.68,2.7,65.7,Intermediate,Email,Yes
R047,8.23,1.92,94.1,Simple,Chat,Yes
R241,37.49,0.2,56.8,Complex,Chat,Yes
R115,6.72,2.68,90.5,Simple,Email,Yes
R248,31.47,3.09,37.0,Complex,Chat,No
R327,29.82,4.58,34.2,Complex,Phone,No
R109,4.75,1.6,91.1,Simple,Email,Yes
R220,12.98,0.76,68.2,Intermediate,Email,No
R291,41.59,1.15,55.4,Complex,Phone,Yes
R002,5.37,12.24,82.7,Simple,Chat,Yes
R041,4.36,3.38,88.3,Simple,Chat,Yes
R025,5.6,1.92,85.5,Simple,Chat,Yes
R262,35.13,1.21,42.9,Complex,Phone,No
R240,16.09,6.26,59.4,Intermediate,Email,No
R145,13.51,0.64,64.4,Intermediate,Chat,No
R129,18.15,18.75,69.4,Intermediate,Chat,Yes
R187,20.09,4.37,70.5,Intermediate,Phone,Yes
R053,8.87,0.99,88.0,Simple,Chat,Yes
R246,39.43,0.7,51.6,Complex,Chat,No
R261,35.9,0.09,52.6,Complex,Phone,Yes
R352,41.53,0.8,58.7,Complex,Email,No
R279,35.67,3.77,41.2,Complex,Phone,No
R064,4.89,0.17,88.6,Simple,Chat,Yes
R183,14.28,2.56,66.5,Intermediate,Phone,No
R347,39.02,2.51,55.5,Complex,Email,Yes
R206,19.36,3.18,71.6,Intermediate,Email,No
R059,5.55,1.04,88.9,Simple,Chat,Yes
R142,16.18,10.15,59.6,Intermediate,Chat,No
R050,3.78,6.51,78.5,Simple,Chat,Yes
R313,41.26,1.3,47.1,Complex,Phone,No
R209,20.52,0.26,69.3,Intermediate,Email,No
R138,19.52,1.16,72.1,Intermediate,Chat,Yes
R120,3.98,0.81,87.6,Simple,Email,Yes
R276,30.93,8.93,35.8,Complex,Phone,No
R228,16.27,4.73,69.2,Intermediate,Email,Yes
R130,18.64,3.15,70.5,Intermediate,Chat,Yes
R185,13.71,4.02,63.8,Intermediate,Phone,Yes
R215,13.1,7.06,69.8,Intermediate,Email,Yes
R275,43.58,2.92,57.3,Complex,Phone,No
R013,7.62,1.91,92.6,Simple,Chat,Yes
R121,21.3,7.23,64.1,Intermediate,Chat,No
R235,13.68,5.57,67.1,Intermediate,Email,Yes
R319,38.83,8.28,48.2,Complex,Phone,No
R188,17.4,2.93,67.4,Intermediate,Phone,No
R239,19.68,6.41,68.4,Intermediate,Email,No
R222,15.26,2.95,72.9,Intermediate,Email,Yes
R118,5.66,0.15,92.6,Simple,Email,Yes
R249,36.41,0.82,46.0,Complex,Chat,No
R242,38.85,2.11,48.6,Complex,Chat,No
R251,30.03,2.64,42.8,Complex,Phone,Yes
R297,39.61,1.3,48.0,Complex,Phone,No
R060,8.15,1.37,86.8,Simple,Chat,No
R023,7.63,3.75,88.2,Simple,Chat,Yes
R066,4.89,0.85,92.1,Simple,Chat,Yes
R126,18.52,1.63,80.8,Intermediate,Chat,Yes
R252,43.38,0.44,52.8,Complex,Phone,Yes
R057,8.7,7.27,87.5,Simple,Chat,Yes
R127,15.35,4.18,69.6,Intermediate,Chat,Yes
R349,36.48,0.34,47.6,Complex,Email,No
